class,length,DB,early1,early2,early3,mid1,mid2,mid3,late1,late2,late3,stat1,stat2,stat3,4C 1,4C 2,4C 3,13C 1,13C 2,13C 3,20C 1,20C 2,20C 3,30C 1,30C 2,30C 3,NaCl 0.05 1,NaCl 0.05 2,NaCl 0.05 3,NaCl 0.1 1,NaCl 0.1 2,NaCl 0.1 3,NaCl 0.2 1,NaCl 0.2 2,NaCl 0.2 3,MetOH 0.1 1,MetOH 0.1 2,MetOH 0.1 3,MetOH 1 1,MetOH 1 2,MetOH 1 3,TX 0.1 1,TX 0.1 2,TX 0.1 3,TX 1 1,TX 1 2,TX 1 3,TX 5 1,TX 5 2,TX 5 3
PC [32:2],32,2,0.174595557,0.19591088,0.178633603,0.140401928,0.162100355,0.124148741,0.149700416,0.126338561,0.116814229,0.068774979,0.059590404,0.085564175,0.311537413,0.313912208,0.304025973,0.134681434,0.102566839,0.092040068,0.151006936,0.141535981,0.136438126,0.174595557,0.19591088,0.178633603,0.04353373,0.091541559,0.044299949,0.081932669,0.088600667,0.079004464,0.057797989,0.129313894,0.016929321,0.098389627,0.049941665,0.121865392,0.132102007,0.093372592,0.084878106,0.076349863,0.034025956,0.048334163,0.021704337,0.016546358,,0.025473662,0.032862963,0.038545228
PC [32:1],32,1,0.292774628,0.22582722,0.265448252,0.200287587,0.234860118,0.197272926,0.255257467,0.247139724,0.246860099,0.254820306,0.275846198,0.253232198,0.004568968,0.006469708,0.007225555,0.237395528,0.218097809,0.205793279,0.19762025,0.190123303,0.192143584,0.292774628,0.22582722,0.265448252,0.028889237,0.008887141,0.024709565,0.026979935,0.017672954,0.032442084,0.073403227,0.033215023,0.011541723,0.038538158,0.008363876,0.033863286,0.02095109,0.021695056,0.016018905,0.017931979,0.011407522,0.008122485,0.021327589,0.007840302,,0.005492749,0,0.005503302
PC [34:4],34,4,0.009593605,0.003608142,0.013776194,,0.006353629,0.008107996,0.00497779,,0.021610492,0.0143841,0.003420475,0.009576828,9.062968566,9.503915694,9.106571206,2.379120532,1.949321892,1.673981019,0.700966546,0.646727566,0.640641234,0.009593605,0.003608142,0.013776194,0.006695289,0.005563698,0.079270271,0.014801153,0.005057972,0.011716386,,,,0.022140044,0.012742039,0.044935297,0.039455468,0.022876761,0.009509573,0,0,0.010969798,0.013585886,0.005011061,,0.006050316,0.005186025,0.003261118
PC [34:3],34,3,3.515092486,3.889646802,3.456741062,3.120942668,3.206941779,3.040308363,3.249994588,2.732714885,2.604173792,2.261051877,2.338434553,2.707158488,19.96434101,20.49461861,19.36096188,8.325405224,6.728083275,6.221964264,7.570982175,6.988847953,6.901576493,3.515092486,3.889646802,3.456741062,1.034954498,2.149363775,1.224051534,1.727814829,1.689106454,1.583335695,1.007240661,2.266448335,1.167863996,1.449493484,1.531476996,1.876121919,1.735395973,1.225323932,1.265132872,1.795449076,1.286411764,1.705537756,1.042913893,1.207013822,,1.359238192,1.47594662,1.597245457
PC [34:2],34,2,1.27540871,1.296358048,1.335074955,1.321532928,1.343216132,1.253152022,1.342736077,1.368852441,1.335601765,1.43845984,1.374828324,1.431978022,0.941114699,0.929850519,0.912889329,1.087151057,0.831784332,0.853554543,0.979207564,0.986071565,0.980610857,1.27540871,1.296358048,1.335074955,1.300891686,1.376551862,1.336576458,1.46824727,1.440286303,1.477364068,1.949753752,2.280043146,1.768690639,1.367649804,1.255172832,1.361774888,1.072618188,1.030070984,1.032889902,1.41422764,1.328550293,1.416710064,1.360487605,1.422460653,,1.332386338,1.358202785,1.346744375
PC [34:1],34,1,0.296655942,0.298069144,0.303505325,0.247143509,0.273933721,0.226110532,0.305050149,0.32155302,0.312302084,0.587826794,0.529850276,0.578536895,0.025441318,0.020691554,0.045072818,0.064136083,0.028618787,0.073067505,0.107256117,0.109169315,0.110132544,0.296655942,0.298069144,0.303505325,0.272640677,0.284581659,0.300987868,0.306439281,0.292747749,0.301673811,0.441944135,0.443896318,0.42275851,0.377388262,0.369112471,0.380352497,0.314490727,0.333549503,0.306337959,0.37994096,0.372373803,0.347188265,0.31212006,0.348715288,,0.327902276,0.335283422,0.332514614
PC [36:4],36,4,0,0,0,0,0,0,0,0,0,0,0,0,1.160078509,1.209026327,1.130462511,0.493759599,0.372919272,0.366984971,0.023226478,0.025114742,0.040478812,,,,,,,,,,,,,,,0.013434335,0.005789129,0.005717433,,0,0,0,0,0,,0,0,0
PC [36:3],36,3,0.028559666,0.03820085,0.036124106,0.034709114,0.039518601,0.021529672,0.025836662,0.022240673,0.032825081,0.01081861,0.030260692,0.034360587,2.608663261,2.628755762,2.462570737,2.402261775,1.808646353,1.828839542,0.749919197,0.755998081,0.749333689,0.028559666,0.03820085,0.036124106,0.046508275,0.031098319,0.06290491,0.053287014,0.060990535,0.060440973,0.091030555,0.031532932,0.013852258,0.015466863,0.011531895,0.023524016,0.006181778,0.006303492,0.002656601,0.006362489,0,0.007529944,0.012758879,0.010084287,,0.015100057,0.012286289,0.010904888
PC [36:2],36,2,7.77841903,7.806013274,8.098461059,9.076612942,8.555487167,8.648926698,9.074875686,9.253672929,8.892519611,12.52628819,12.34521058,12.7438783,4.996974342,5.17910514,5.101734042,7.939279055,5.927665949,6.220126884,7.267489528,7.347447879,7.53437764,7.77841903,7.806013274,8.098461059,8.772142905,8.827627162,9.011890944,9.217130081,9.006721122,9.052809527,8.88255524,8.776674511,8.67346281,8.444511864,8.166845718,8.575179203,6.116836041,6.165310431,6.270142916,8.770298954,8.932935896,9.283599094,9.303801552,9.798326168,,9.395259371,9.488598002,9.337322472
PE [32:1],32,1,0.136588646,0.130729375,0.13726183,0.110179222,0.124939707,0.09841927,0.159295687,0.160281716,0.160687725,0.253761761,0.22970163,0.251725786,0.013162015,0.007488329,0.017576666,0.031819118,0.022006628,0.039866413,0.053551855,0.044215273,0.054495846,0.136588646,0.130729375,0.13726183,0.116083925,0.112581586,0.130699976,0.134666556,0.127397626,0.132628219,0.210303342,0.290136644,0.124175009,0.186791353,0.14007863,0.181274138,0.244070585,0.234562821,0.241346642,0.130691224,0.131523656,0.128092276,0.110732975,0.092532655,0.100872014,0.102478714,0.094305555,0.089665054
PE [34:2],34,2,4.072396442,4.033434205,4.30163738,3.921156733,3.967673846,3.80096482,4.05732581,4.343129864,4.156499317,3.311549619,3.285642619,3.368516256,2.404199267,1.96465828,2.358026232,4.511385095,3.254514812,3.505874903,3.565597241,3.46151988,3.472679987,4.072396442,4.033434205,4.30163738,4.250146463,4.031161012,4.121382153,4.350499256,4.454439671,4.508653231,6.334794185,7.409529828,5.637585121,4.13070604,3.628427531,4.007387551,4.402706454,4.284164375,4.356706677,4.465969082,4.217867179,4.378000188,4.134045145,4.129725221,4.442342006,3.729957646,3.864006299,3.878855241
PE [34:1],34,1,1.355766176,1.337458441,1.365786014,1.192495803,1.294991249,1.098228321,1.254192471,1.255819402,1.185302045,0.563953355,0.566568612,0.583415105,0.230250161,0.203643654,0.255338461,0.488762018,0.370147732,0.382074873,0.529107575,0.531161691,0.517572332,1.355766176,1.337458441,1.365786014,1.270742268,1.299655493,1.34857018,1.284722339,1.297563637,1.300415687,1.492485867,1.6120193,1.532601718,1.756419056,1.781418603,1.74843677,2.105154243,2.155666475,2.182295102,1.442536351,1.42898023,1.503485809,1.193092068,1.291666942,1.376653454,1.185546523,1.176988063,1.238468473
PE [36:3],36,3,0.137610076,0.132781401,0.147527891,0.086763658,0.101002395,0.075568435,0.082562218,0.091336848,0.099530346,0.057315863,0.064604139,0.069712943,6.286180052,5.59378551,5.801035213,9.010573736,6.928308393,6.817662081,2.458986152,2.485334246,2.502982662,0.137610076,0.132781401,0.147527891,0.170991408,0.150579182,0.131708777,0.190678852,0.189938171,0.191890481,0.220479971,0.246984795,0.190430408,0.103349652,0.0641267,0.109376862,0.069832106,0.062143051,0.065402594,0.123723848,0.120985844,0.085583575,0.086570362,0.086767285,0.072715015,0.087219694,0.077248056,0.073481836
PE [36:2],36,2,29.53540281,29.11499964,29.75391108,29.80082274,29.93701661,30.55371502,27.608304,27.94880478,27.43042017,20.51851259,20.61109385,20.82551085,13.96939867,12.43311964,13.59900184,32.5474934,25.37439638,24.26819239,27.7160599,27.91419201,27.74519763,29.53540281,29.11499964,29.75391108,30.37171199,30.63213486,30.82143623,28.98359629,29.0623513,29.29716087,25.20979812,25.54400352,25.37084833,30.0106251,30.03066474,28.93634767,29.26987143,29.93937039,30.62455715,31.34141237,30.87963617,32.11380538,30.5216151,32.11622787,33.66197782,30.6084548,30.39882393,30.80947304
PE [36:1],36,1,1.608387315,1.550312378,1.636966049,1.713343681,1.670010117,1.80682387,1.690902597,1.713171209,1.631003424,0.275226706,0.267116908,0.261558839,0.074131338,0.078437649,0.120381355,0.265345829,0.239641835,0.207274668,0.419013801,0.426680862,0.414085178,1.608387315,1.550312378,1.636966049,1.662882422,1.607123622,1.708010336,1.437883747,1.50555309,1.496955297,1.498813373,1.343455078,1.605564364,2.128465941,2.27224833,2.198264408,2.437505152,2.510133837,2.588432745,1.54126621,1.610130973,1.733563511,1.355045613,1.491976658,1.558360101,1.325124263,1.360118618,1.387161341
PG [32:1],32,1,0.114476974,0.126123941,0.124149961,0.070428466,0.065927392,0.03739011,0.11841969,0.11978163,0.111225527,0.590920995,0.588094199,0.56486278,0.00380612,0.009837235,0.004101141,0.002001495,0.007652133,0.01071819,0.016431819,0.014692247,0.024270096,0.114476974,0.126123941,0.124149961,0.083497721,0.053325476,0.066505293,0.082204741,0.092522907,0.075866878,0.124608844,0.152911008,0.085305053,0.113481909,0.074252907,0.132477489,0.171712453,0.139409296,0.134189083,0,0.079452287,0.044024971,0.053640606,0.045081976,0.081970243,0.065336401,0.04171457,0.05282663
PG [34:2],34,2,2.703851782,2.927032022,2.752685052,2.759343491,2.715605006,2.571617361,3.202923025,3.340278437,3.168219099,4.790703285,4.620813011,4.625747865,1.542359703,1.545486068,1.512986594,0.804344486,1.731323933,1.789596755,1.990149785,1.915282873,1.958288132,2.703851782,2.927032022,2.752685052,2.626321279,2.61086783,2.610377688,2.920324655,2.924591394,2.88992661,3.940974061,4.214532739,3.785310813,2.873459059,2.664311374,2.898637166,3.176428589,3.030369648,2.994651681,2.955810649,2.904247945,2.782739942,2.826360459,2.585717266,3.355077939,2.774073651,2.723691371,2.798932691
PG [34:1],34,1,1.273978384,1.35247395,1.275084235,1.184115138,1.219624165,1.069620924,1.436102065,1.416474809,1.358757945,1.77721328,1.709487744,1.685153588,0.323901833,0.321859375,0.346119276,0.190935979,0.388524011,0.387591051,0.542213086,0.535896614,0.545568613,1.273978384,1.35247395,1.275084235,1.155354083,1.205096645,1.200697284,1.232724352,1.213335902,1.204967321,1.471179469,1.470746364,1.589994212,1.620402036,1.616532091,1.635446551,2.015199007,1.962938238,1.993423694,1.339574121,1.389559889,1.314107561,1.299405152,1.219917461,1.53798833,1.324855543,1.307105538,1.288024181
PG [36:3],36,3,0.104255836,0.10596826,0.094244081,0.080764896,0.12526775,0.091132221,0.04972771,0.0284373,0.065505082,0.065389398,0.068897754,0.113290819,0.979650738,0.968242053,0.938071076,0.238707192,0.486696579,0.501206419,0.207201072,0.190228801,0.199106893,0.104255836,0.10596826,0.094244081,0.024267891,0.026499341,0.026873036,0.045631273,0.052695204,0.045373022,0.032956677,0.041452519,0,0.027381485,0.012974646,0.024512325,0.025874636,0.017334739,0.005920601,0.010761455,0.009944883,0.005768631,0.008256594,0.012083738,0.014641082,0.019889925,0.010805017,0.007093137
PG [36:2],36,2,31.99071126,34.08394326,30.94488151,34.80455219,34.57850582,33.86512146,36.30739057,35.23953299,35.18088901,37.37114019,37.4566954,36.47746951,28.30957562,30.07308065,28.67175076,14.92045665,33.20488401,32.42941949,33.54400587,33.36249337,33.52160595,31.99071126,34.08394326,30.94488151,32.56050196,32.99769276,33.50917832,33.63147253,33.62329846,33.16146981,31.94250573,31.73386623,32.82386285,31.94787479,32.13681324,32.35761617,31.92501696,30.94047236,31.70824412,31.40081383,31.56008771,29.98964285,32.83811945,31.26690313,39.05303151,33.74408438,33.1351899,33.28818734
CL [64:0],64,0,0.009523686,0.007613802,0.011478203,0.010537286,0.007334728,0.006611086,0.01118598,0.011543492,0.014526945,0.018963327,0.020817582,0.02334196,0,0.000578315,0.000635345,0.001144995,0.000854878,0.001387258,0.002421467,0.002088531,0.002197505,0.009523686,0.007613802,0.011478203,0.013238195,0.005996389,0.007420278,0.008109203,0.008821784,0.009709852,0.020054804,0.018132086,0.005080435,0.014092665,0.002871928,0.018301729,0.019531106,0.021278598,0.01654279,0.003413212,0.008829813,0.004889327,0.00319758,0.003763636,0.005349006,0.003582614,0.004013189,0.004268673
CL [68:4],68,4,0.043189398,0.046278008,0.054305349,0.04003825,0.050505078,0.030062788,0.079753642,0.074750731,0.083030295,0.134905674,0.138788879,0.141525911,0.098994606,0.098191065,0.122620736,0.108661125,0.076091557,0.089433716,0.052017808,0.062392598,0.056822917,0.043189398,0.046278008,0.054305349,0.116731516,0.131612407,0.130344538,0.126053618,0.120380007,0.119421859,0.211803112,0.151003002,0.220790062,0.088921329,0.093172622,0.086026637,0.093643383,0.099665663,0.104298166,0.132168869,0.168760241,0.166799001,0.123009944,0.115363216,0.141020399,0.150377723,0.141092824,0.149978048
CL [68:2],68,2,0.420979104,0.392051405,0.464326108,0.433807129,0.380642914,0.368471191,0.42517786,0.436643281,0.421018391,0.324578481,0.322903267,0.326552113,0.221536513,0.210845062,0.237560539,0.41072655,0.317566463,0.347318908,0.32257307,0.345417305,0.329202368,0.420979104,0.392051405,0.464326108,0.513870128,0.391253262,0.370661217,0.424421426,0.445323375,0.460181194,0.775407186,0.70752479,0.439989676,0.400118909,0.313849684,0.440453336,0.419362398,0.412005508,0.362437548,0.416360783,0.434341305,0.404137666,0.45735644,0.409365306,0.432878109,0.385195781,0.405339959,0.371621452
CL [70:4],70,4,0.246671197,0.25502036,0.307066853,0.265128974,0.297303594,0.196684816,0.475724091,0.41869653,0.453286503,0.675510653,0.686792019,0.705404966,0.247770428,0.246968672,0.334470518,0.401729495,0.265579988,0.310210558,0.321733033,0.376732525,0.327668171,0.246671197,0.25502036,0.307066853,0.714466207,0.807713856,0.821807125,0.736527329,0.698091901,0.662124848,0.775614258,0.546233029,0.82099488,0.533636754,0.56060567,0.560300392,0.54614676,0.60694041,0.602720163,0.711019404,1.01110264,0.965657507,0.742265778,0.727496333,0.937290966,0.970832234,0.924773851,0.946263898
CL [72:2],72,2,3.451885409,3.159879284,3.6602462,3.793074386,3.223705784,3.41357708,3.136961558,3.16178206,3.034308389,2.075633975,2.160872891,2.160032852,1.383800362,1.437064277,1.529412629,3.349649409,2.697381593,2.831744905,2.913409569,3.148227718,3.060426171,3.451885409,3.159879284,3.6602462,4.13215759,3.192910963,3.157958777,3.138838862,3.2819844,3.418103048,3.384425616,2.569048269,2.002450697,3.211855928,2.618043655,3.600196218,3.085470045,3.16902752,2.799936307,3.174687692,3.377581632,3.08676173,3.732565269,3.349301051,3.469406049,3.255675304,3.502474616,3.05271628
DIP,1,9,6.844437924,5.436464791,6.639399755,3.717068542,4.350669209,4.856274829,3.177531368,3.453261163,4.45991717,5.183119459,5.363758205,5.259781928,2.737254136,2.536628933,3.171852488,4.776221495,3.082738094,4.492477691,4.71554347,5.014219296,4.958533919,6.844437924,5.436464791,6.639399755,5.851785609,5.397805093,5.128934083,5.17457795,5.113147416,5.191944816,4.520838468,3.618200302,5.40737377,6.521738854,7.747067343,6.29989749,7.855932396,8.706386067,7.788279526,6.121495822,6.400654599,6.226230847,6.07833531,5.901949895,,5.513777554,5.764007503,5.579259972
mDIP,1,9,2.578787956,2.053801123,2.641277895,1.874748738,2.066863137,2.540159449,2.318090827,2.713761528,3.423165463,4.849176696,4.879909796,4.712110439,2.098340358,1.983739708,2.547545077,4.876851644,3.583986477,4.051597653,2.882308635,2.978187772,3.023562648,2.578787956,2.053801123,2.641277895,2.858993054,2.570775042,2.622743208,3.200434784,3.187379999,3.23441995,5.329231358,4.36909633,6.282543347,2.517101033,2.837352822,2.333996264,2.692721898,2.803910814,2.443048584,2.227734118,2.300607775,2.238717657,2.347686357,2.338162425,,2.286634288,2.359935037,2.311681263